drug_1,drug_2,interaction,severity,mechanism,similarity
CHEMBL2,CHEMBL611,1,medium,P-glycoprotein interference,0.5846153846153846
CHEMBL2,CHEMBL707,1,medium,CYP3A4 inhibition,0.5882352941176471
CHEMBL4,CHEMBL33,1,high,CYP3A4 inhibition,1.0
CHEMBL5,CHEMBL30116,1,medium,P-glycoprotein interference,0.5185185185185185
CHEMBL5,CHEMBL291157,1,medium,pH alteration,0.5098039215686274
CHEMBL6,CHEMBL13376,1,medium,P-glycoprotein interference,0.5172413793103449
CHEMBL6,CHEMBL189171,1,high,CYP3A4 inhibition,0.8113207547169812
CHEMBL403,CHEMBL404,1,medium,pH alteration,0.5416666666666666
CHEMBL8,CHEMBL9,1,medium,CYP3A4 inhibition,0.6727272727272727
CHEMBL8,CHEMBL267648,1,medium,P-glycoprotein interference,0.5166666666666667
CHEMBL8,CHEMBL277100,1,medium,Additive effects,0.5151515151515151
CHEMBL8,CHEMBL583,1,medium,P-glycoprotein interference,0.5230769230769231
CHEMBL8,CHEMBL1202,1,high,P-glycoprotein interference,0.9787234042553191
CHEMBL9,CHEMBL267648,1,high,P-glycoprotein interference,0.7843137254901961
CHEMBL9,CHEMBL277100,1,medium,pH alteration,0.5151515151515151
CHEMBL9,CHEMBL561,1,medium,P-glycoprotein interference,0.5396825396825397
CHEMBL9,CHEMBL30116,1,medium,CYP3A4 inhibition,0.5333333333333333
CHEMBL9,CHEMBL826,1,medium,Additive effects,0.6491228070175439
CHEMBL9,CHEMBL1202,1,medium,pH alteration,0.6607142857142857
CHEMBL405,CHEMBL501,1,high,P-glycoprotein interference,0.76
CHEMBL405,CHEMBL612,1,high,Additive effects,1.0
CHEMBL6622,CHEMBL1311,1,high,CYP3A4 inhibition,0.7777777777777778
CHEMBL6437,CHEMBL654,1,medium,pH alteration,0.6511627906976745
CHEMBL11,CHEMBL415,1,high,P-glycoprotein interference,0.7631578947368421
CHEMBL11,CHEMBL72,1,medium,pH alteration,0.6111111111111112
CHEMBL11,CHEMBL564,1,medium,pH alteration,0.6111111111111112
CHEMBL11,CHEMBL644,1,medium,Additive effects,0.5384615384615384
CHEMBL11,CHEMBL87708,1,medium,Additive effects,0.5652173913043478
CHEMBL12,CHEMBL661,1,medium,P-glycoprotein interference,0.58
CHEMBL12,CHEMBL28333,1,medium,Additive effects,0.6086956521739131
CHEMBL12,CHEMBL285674,1,medium,P-glycoprotein interference,0.56
CHEMBL12,CHEMBL967,1,medium,CYP3A4 inhibition,0.5918367346938775
CHEMBL12,CHEMBL969,1,medium,P-glycoprotein interference,0.64
CHEMBL12,CHEMBL970,1,medium,pH alteration,0.64
CHEMBL13,CHEMBL24,1,medium,pH alteration,0.6222222222222222
CHEMBL13,CHEMBL423,1,medium,CYP3A4 inhibition,0.6808510638297872
CHEMBL13,CHEMBL6995,1,medium,P-glycoprotein interference,0.5652173913043478
CHEMBL13,CHEMBL645,1,medium,pH alteration,0.6170212765957447
CHEMBL13,CHEMBL768,1,high,CYP3A4 inhibition,0.7045454545454546
CHEMBL14,CHEMBL667,1,medium,P-glycoprotein interference,0.6
CHEMBL14,CHEMBL703,1,medium,CYP3A4 inhibition,0.6
CHEMBL14,CHEMBL965,1,high,Additive effects,0.9523809523809523
CHEMBL14,CHEMBL983,1,medium,CYP3A4 inhibition,0.64
CHEMBL14,CHEMBL1184,1,medium,Additive effects,0.64
CHEMBL415,CHEMBL71,1,medium,pH alteration,0.6170212765957447
CHEMBL415,CHEMBL87708,1,medium,Additive effects,0.5882352941176471
CHEMBL417,CHEMBL53463,1,high,P-glycoprotein interference,1.0
CHEMBL417,CHEMBL1117,1,high,CYP3A4 inhibition,0.7012987012987013
CHEMBL419,CHEMBL21,1,medium,CYP3A4 inhibition,0.5416666666666666
CHEMBL21,CHEMBL1043,1,medium,Additive effects,0.65
CHEMBL6966,CHEMBL1280,1,high,P-glycoprotein interference,0.9791666666666666
CHEMBL421,CHEMBL425,1,medium,P-glycoprotein interference,0.5111111111111111
CHEMBL24,CHEMBL423,1,medium,Additive effects,0.5384615384615384
CHEMBL24,CHEMBL6995,1,medium,pH alteration,0.6222222222222222
CHEMBL24,CHEMBL645,1,medium,pH alteration,0.5714285714285714
CHEMBL24,CHEMBL768,1,medium,P-glycoprotein interference,0.6521739130434783
CHEMBL25,CHEMBL154111,1,medium,CYP3A4 inhibition,0.59375
CHEMBL25,CHEMBL162036,1,medium,CYP3A4 inhibition,0.5128205128205128
CHEMBL422,CHEMBL567,1,medium,P-glycoprotein interference,0.5636363636363636
CHEMBL422,CHEMBL570,1,medium,Additive effects,0.6666666666666666
CHEMBL422,CHEMBL726,1,high,P-glycoprotein interference,0.8163265306122449
CHEMBL422,CHEMBL728,1,medium,P-glycoprotein interference,0.7
CHEMBL422,CHEMBL1085,1,medium,CYP3A4 inhibition,0.5517241379310345
CHEMBL422,CHEMBL1378,1,medium,Additive effects,0.6481481481481481
CHEMBL26,CHEMBL22242,1,medium,Additive effects,0.6065573770491803
CHEMBL423,CHEMBL645,1,medium,CYP3A4 inhibition,0.5660377358490566
CHEMBL423,CHEMBL768,1,medium,CYP3A4 inhibition,0.5769230769230769
CHEMBL424,CHEMBL108545,1,medium,Additive effects,0.5384615384615384
CHEMBL424,CHEMBL154111,1,medium,pH alteration,0.6071428571428571
CHEMBL425,CHEMBL704,1,medium,CYP3A4 inhibition,0.5517241379310345
CHEMBL27,CHEMBL500,1,medium,Additive effects,0.6444444444444445
CHEMBL27,CHEMBL546,1,medium,CYP3A4 inhibition,0.6136363636363636
CHEMBL6995,CHEMBL16073,1,medium,Additive effects,0.55
CHEMBL6995,CHEMBL642,1,medium,P-glycoprotein interference,0.509090909090909
CHEMBL6995,CHEMBL645,1,medium,P-glycoprotein interference,0.52
CHEMBL6995,CHEMBL768,1,medium,Additive effects,0.5957446808510638
CHEMBL29,CHEMBL575,1,medium,P-glycoprotein interference,0.5892857142857143
CHEMBL29,CHEMBL615,1,high,pH alteration,0.7115384615384616
CHEMBL29,CHEMBL702,1,medium,CYP3A4 inhibition,0.5373134328358209
CHEMBL29,CHEMBL819,1,medium,Additive effects,0.5483870967741935
CHEMBL29,CHEMBL891,1,medium,pH alteration,0.5074626865671642
CHEMBL29,CHEMBL1082,1,medium,Additive effects,0.5517241379310345
CHEMBL29,CHEMBL1126,1,high,CYP3A4 inhibition,0.8163265306122449
CHEMBL29,CHEMBL1214,1,medium,Additive effects,0.6296296296296297
CHEMBL29,CHEMBL1223,1,high,Additive effects,0.8163265306122449
CHEMBL29,CHEMBL174,1,medium,CYP3A4 inhibition,0.6296296296296297
CHEMBL428,CHEMBL277100,1,medium,CYP3A4 inhibition,0.5070422535211268
CHEMBL31,CHEMBL32,1,high,pH alteration,0.7058823529411765
CHEMBL31,CHEMBL561,1,medium,pH alteration,0.6212121212121212
CHEMBL31,CHEMBL583,1,medium,P-glycoprotein interference,0.5352112676056338
CHEMBL429,CHEMBL27193,1,high,CYP3A4 inhibition,1.0
CHEMBL431,CHEMBL577,1,medium,P-glycoprotein interference,0.5223880597014925
CHEMBL431,CHEMBL578,1,medium,Additive effects,0.65625
CHEMBL431,CHEMBL317094,1,medium,pH alteration,0.5970149253731343
CHEMBL431,CHEMBL1165,1,medium,P-glycoprotein interference,0.5833333333333334
CHEMBL431,CHEMBL1168,1,medium,P-glycoprotein interference,0.5714285714285714
CHEMBL433,CHEMBL109,1,medium,pH alteration,0.5454545454545454
CHEMBL434,CHEMBL16476,1,medium,CYP3A4 inhibition,0.6111111111111112
CHEMBL434,CHEMBL679,1,medium,CYP3A4 inhibition,0.6875
CHEMBL434,CHEMBL776,1,medium,Additive effects,0.6060606060606061
CHEMBL435,CHEMBL842,1,medium,pH alteration,0.5111111111111111
CHEMBL435,CHEMBL1054,1,medium,Additive effects,0.5319148936170213
CHEMBL437,CHEMBL439,1,medium,P-glycoprotein interference,0.5675675675675675
CHEMBL437,CHEMBL700,1,medium,Additive effects,0.525
CHEMBL437,CHEMBL1191,1,medium,pH alteration,0.5365853658536586
CHEMBL438,CHEMBL439,1,medium,Additive effects,0.6666666666666666
CHEMBL438,CHEMBL446,1,high,Additive effects,0.7027027027027027
CHEMBL439,CHEMBL446,1,medium,CYP3A4 inhibition,0.5833333333333334
CHEMBL439,CHEMBL700,1,medium,pH alteration,0.6764705882352942
CHEMBL440,CHEMBL441,1,high,Additive effects,0.7058823529411765
CHEMBL440,CHEMBL447,1,high,P-glycoprotein interference,0.7941176470588235
CHEMBL440,CHEMBL448,1,medium,CYP3A4 inhibition,0.5135135135135135
CHEMBL441,CHEMBL447,1,medium,pH alteration,0.5405405405405406
CHEMBL441,CHEMBL448,1,high,CYP3A4 inhibition,0.7333333333333333
CHEMBL441,CHEMBL449,1,medium,pH alteration,0.5151515151515151
CHEMBL441,CHEMBL738,1,medium,CYP3A4 inhibition,0.6216216216216216
CHEMBL441,CHEMBL971,1,medium,CYP3A4 inhibition,0.5384615384615384
CHEMBL442,CHEMBL493,1,medium,pH alteration,0.5740740740740741
CHEMBL38,CHEMBL547,1,high,CYP3A4 inhibition,1.0
CHEMBL38,CHEMBL705,1,high,P-glycoprotein interference,1.0
CHEMBL38,CHEMBL986,1,medium,Additive effects,0.6956521739130435
CHEMBL38,CHEMBL1293,1,high,P-glycoprotein interference,0.8
CHEMBL7413,CHEMBL30219,1,medium,pH alteration,0.62
CHEMBL40,CHEMBL45029,1,medium,P-glycoprotein interference,0.6176470588235294
CHEMBL40,CHEMBL856,1,medium,pH alteration,0.6774193548387096
CHEMBL40,CHEMBL149972,1,medium,pH alteration,0.5675675675675675
CHEMBL41,CHEMBL641,1,medium,pH alteration,0.5454545454545454
CHEMBL443,CHEMBL446,1,medium,Additive effects,0.55
CHEMBL443,CHEMBL453,1,medium,P-glycoprotein interference,0.5853658536585366
CHEMBL443,CHEMBL268869,1,medium,pH alteration,0.5116279069767442
CHEMBL443,CHEMBL700,1,medium,pH alteration,0.5121951219512195
CHEMBL444,CHEMBL267894,1,medium,P-glycoprotein interference,0.6153846153846154
CHEMBL42,CHEMBL715,1,medium,Additive effects,0.5370370370370371
CHEMBL42,CHEMBL831,1,medium,P-glycoprotein interference,0.5576923076923077
CHEMBL42,CHEMBL304902,1,medium,pH alteration,0.5471698113207547
CHEMBL445,CHEMBL629,1,medium,CYP3A4 inhibition,0.6111111111111112
CHEMBL446,CHEMBL1191,1,medium,CYP3A4 inhibition,0.5121951219512195
CHEMBL447,CHEMBL448,1,medium,pH alteration,0.6666666666666666
CHEMBL448,CHEMBL449,1,high,CYP3A4 inhibition,0.7142857142857143
CHEMBL448,CHEMBL738,1,medium,pH alteration,0.5675675675675675
CHEMBL448,CHEMBL971,1,medium,CYP3A4 inhibition,0.5675675675675675
CHEMBL452,CHEMBL13209,1,high,P-glycoprotein interference,0.7291666666666666
CHEMBL268869,CHEMBL700,1,medium,pH alteration,0.5365853658536586
CHEMBL268869,CHEMBL62193,1,medium,P-glycoprotein interference,0.627906976744186
CHEMBL455,CHEMBL338802,1,medium,Additive effects,0.6129032258064516
CHEMBL455,CHEMBL139877,1,medium,pH alteration,0.6896551724137931
CHEMBL455,CHEMBL1243,1,medium,Additive effects,0.5882352941176471
CHEMBL456,CHEMBL267744,1,medium,Additive effects,0.5102040816326531
CHEMBL45,CHEMBL10878,1,medium,Additive effects,0.6041666666666666
CHEMBL49,CHEMBL284092,1,high,pH alteration,0.7333333333333333
CHEMBL54,CHEMBL15023,1,medium,Additive effects,0.6428571428571429
CHEMBL54,CHEMBL28218,1,high,Additive effects,0.7916666666666666
CHEMBL55,CHEMBL25105,1,high,pH alteration,1.0
CHEMBL55,CHEMBL361506,1,medium,P-glycoprotein interference,0.6857142857142857
CHEMBL463,CHEMBL640,1,medium,CYP3A4 inhibition,0.5135135135135135
CHEMBL464,CHEMBL1131,1,high,pH alteration,0.7551020408163265
CHEMBL465,CHEMBL190461,1,medium,CYP3A4 inhibition,0.5714285714285714
CHEMBL61,CHEMBL44657,1,medium,CYP3A4 inhibition,0.5135135135135135
CHEMBL64,CHEMBL92401,1,medium,Additive effects,0.5161290322580645
CHEMBL468,CHEMBL43452,1,high,pH alteration,0.7368421052631579
CHEMBL468,CHEMBL848,1,medium,CYP3A4 inhibition,0.5454545454545454
CHEMBL472,CHEMBL1073,1,medium,pH alteration,0.5857142857142857
CHEMBL477,CHEMBL752,1,medium,CYP3A4 inhibition,0.6862745098039216
CHEMBL477,CHEMBL1090,1,high,Additive effects,1.0
CHEMBL477,CHEMBL317052,1,medium,P-glycoprotein interference,0.5076923076923077
CHEMBL479,CHEMBL1088,1,medium,CYP3A4 inhibition,0.6842105263157895
CHEMBL480,CHEMBL1219,1,high,CYP3A4 inhibition,0.7192982456140351
CHEMBL481,CHEMBL84,1,medium,P-glycoprotein interference,0.5161290322580645
CHEMBL70,CHEMBL485,1,high,Additive effects,0.7592592592592593
CHEMBL71,CHEMBL564,1,high,Additive effects,0.7631578947368421
CHEMBL71,CHEMBL567,1,medium,CYP3A4 inhibition,0.6
CHEMBL71,CHEMBL570,1,medium,pH alteration,0.6808510638297872
CHEMBL71,CHEMBL728,1,medium,CYP3A4 inhibition,0.6458333333333334
CHEMBL488,CHEMBL1102,1,high,pH alteration,0.7222222222222222
CHEMBL74,CHEMBL428880,1,high,Additive effects,0.7727272727272727
CHEMBL76,CHEMBL58510,1,high,CYP3A4 inhibition,0.88
CHEMBL80,CHEMBL19019,1,high,P-glycoprotein interference,0.7540983606557377
CHEMBL80,CHEMBL656,1,medium,pH alteration,0.5909090909090909
CHEMBL80,CHEMBL963,1,high,Additive effects,0.7288135593220338
CHEMBL80,CHEMBL982,1,medium,Additive effects,0.6212121212121212
CHEMBL81,CHEMBL1116,1,high,pH alteration,0.9807692307692307
CHEMBL83,CHEMBL786,1,high,Additive effects,0.7446808510638298
CHEMBL428647,CHEMBL92,1,high,Additive effects,0.7676767676767676
CHEMBL495,CHEMBL548,1,high,P-glycoprotein interference,0.7272727272727273
CHEMBL495,CHEMBL815,1,medium,Additive effects,0.5081967213114754
CHEMBL495,CHEMBL1139,1,medium,CYP3A4 inhibition,0.5396825396825397
CHEMBL498,CHEMBL782,1,medium,pH alteration,0.625
CHEMBL500,CHEMBL546,1,medium,Additive effects,0.5306122448979592
CHEMBL501,CHEMBL612,1,high,Additive effects,0.76
CHEMBL91,CHEMBL808,1,high,Additive effects,0.7872340425531915
CHEMBL91,CHEMBL1221,1,medium,P-glycoprotein interference,0.5272727272727272
CHEMBL94,CHEMBL338975,1,high,P-glycoprotein interference,0.7857142857142857
CHEMBL503,CHEMBL690,1,medium,P-glycoprotein interference,0.5324675324675324
CHEMBL503,CHEMBL1064,1,high,pH alteration,0.7424242424242424
CHEMBL503,CHEMBL1144,1,medium,P-glycoprotein interference,0.5466666666666666
CHEMBL505,CHEMBL811,1,high,CYP3A4 inhibition,0.75
CHEMBL505,CHEMBL864,1,medium,CYP3A4 inhibition,0.6222222222222222
CHEMBL505,CHEMBL1193,1,high,pH alteration,0.8055555555555556
CHEMBL506,CHEMBL43128,1,high,pH alteration,0.8775510204081632
CHEMBL509,CHEMBL686,1,medium,Additive effects,0.5365853658536586
CHEMBL509,CHEMBL121626,1,medium,Additive effects,0.5853658536585366
CHEMBL511,CHEMBL1241,1,high,P-glycoprotein interference,0.7435897435897436
CHEMBL513,CHEMBL514,1,medium,Additive effects,0.5277777777777778
CHEMBL515,CHEMBL852,1,medium,CYP3A4 inhibition,0.5365853658536586
CHEMBL267648,CHEMBL1202,1,medium,CYP3A4 inhibition,0.5081967213114754
CHEMBL521,CHEMBL341812,1,medium,Additive effects,0.6
CHEMBL521,CHEMBL175,1,high,pH alteration,1.0
CHEMBL527,CHEMBL599,1,medium,CYP3A4 inhibition,0.6296296296296297
CHEMBL527,CHEMBL53292,1,medium,CYP3A4 inhibition,0.6730769230769231
CHEMBL527,CHEMBL302795,1,medium,P-glycoprotein interference,0.6923076923076923
CHEMBL528,CHEMBL161,1,medium,Additive effects,0.5714285714285714
CHEMBL528,CHEMBL927,1,medium,CYP3A4 inhibition,0.5333333333333333
CHEMBL528,CHEMBL65794,1,medium,P-glycoprotein interference,0.5111111111111111
CHEMBL528,CHEMBL1010,1,medium,pH alteration,0.5897435897435898
CHEMBL101,CHEMBL832,1,medium,pH alteration,0.5384615384615384
CHEMBL101,CHEMBL1228,1,high,pH alteration,0.8235294117647058
CHEMBL529,CHEMBL532,1,high,P-glycoprotein interference,0.7816091954022989
CHEMBL531,CHEMBL1275,1,high,P-glycoprotein interference,0.875
CHEMBL103,CHEMBL1170,1,medium,CYP3A4 inhibition,0.6363636363636364
CHEMBL537,CHEMBL14060,1,medium,P-glycoprotein interference,0.5833333333333334
CHEMBL541,CHEMBL542,1,medium,CYP3A4 inhibition,0.55
CHEMBL541,CHEMBL573,1,medium,Additive effects,0.5217391304347826
CHEMBL541,CHEMBL1356,1,medium,CYP3A4 inhibition,0.55
CHEMBL14060,CHEMBL24147,1,medium,P-glycoprotein interference,0.5333333333333333
CHEMBL106,CHEMBL638,1,medium,Additive effects,0.5849056603773585
CHEMBL547,CHEMBL705,1,high,CYP3A4 inhibition,1.0
CHEMBL547,CHEMBL986,1,medium,Additive effects,0.6956521739130435
CHEMBL547,CHEMBL1293,1,high,pH alteration,0.8
CHEMBL548,CHEMBL815,1,medium,P-glycoprotein interference,0.6666666666666666
CHEMBL548,CHEMBL1139,1,medium,pH alteration,0.5625
CHEMBL278020,CHEMBL54126,1,high,pH alteration,0.967741935483871
CHEMBL14370,CHEMBL306700,1,medium,Additive effects,0.5714285714285714
CHEMBL15023,CHEMBL28218,1,medium,CYP3A4 inhibition,0.6428571428571429
CHEMBL277100,CHEMBL561,1,medium,P-glycoprotein interference,0.5217391304347826
CHEMBL277100,CHEMBL583,1,medium,pH alteration,0.5070422535211268
CHEMBL277100,CHEMBL1202,1,medium,P-glycoprotein interference,0.5074626865671642
CHEMBL556,CHEMBL1234,1,high,CYP3A4 inhibition,0.9230769230769231
CHEMBL561,CHEMBL826,1,medium,Additive effects,0.5230769230769231
CHEMBL563,CHEMBL435298,1,high,CYP3A4 inhibition,1.0
CHEMBL564,CHEMBL570,1,high,CYP3A4 inhibition,0.7073170731707317
CHEMBL564,CHEMBL643,1,medium,pH alteration,0.5263157894736842
CHEMBL564,CHEMBL829,1,medium,CYP3A4 inhibition,0.5384615384615384
CHEMBL565,CHEMBL672,1,medium,CYP3A4 inhibition,0.5476190476190477
CHEMBL565,CHEMBL981,1,medium,P-glycoprotein interference,0.5384615384615384
CHEMBL112,CHEMBL16073,1,medium,CYP3A4 inhibition,0.5333333333333333
CHEMBL113,CHEMBL628,1,medium,Additive effects,0.5365853658536586
CHEMBL113,CHEMBL37390,1,medium,pH alteration,0.5526315789473685
CHEMBL113,CHEMBL70246,1,medium,pH alteration,0.5675675675675675
CHEMBL567,CHEMBL726,1,high,Additive effects,0.7058823529411765
CHEMBL567,CHEMBL728,1,high,Additive effects,0.8043478260869565
CHEMBL567,CHEMBL1085,1,medium,pH alteration,0.6923076923076923
CHEMBL567,CHEMBL1378,1,medium,CYP3A4 inhibition,0.5818181818181818
CHEMBL568,CHEMBL580,1,high,P-glycoprotein interference,0.75
CHEMBL568,CHEMBL967,1,medium,P-glycoprotein interference,0.5918367346938775
CHEMBL569,CHEMBL278172,1,medium,P-glycoprotein interference,0.6176470588235294
CHEMBL569,CHEMBL605,1,medium,Additive effects,0.5365853658536586
CHEMBL569,CHEMBL640,1,medium,Additive effects,0.55
CHEMBL569,CHEMBL944,1,medium,P-glycoprotein interference,0.6046511627906976
CHEMBL569,CHEMBL1195,1,medium,P-glycoprotein interference,0.5777777777777777
CHEMBL569,CHEMBL1196,1,medium,pH alteration,0.6136363636363636
CHEMBL569,CHEMBL1200,1,medium,Additive effects,0.6
CHEMBL569,CHEMBL127516,1,medium,P-glycoprotein interference,0.6388888888888888
CHEMBL570,CHEMBL726,1,medium,pH alteration,0.6226415094339622
CHEMBL571,CHEMBL75435,1,high,Additive effects,1.0
CHEMBL571,CHEMBL1297,1,medium,P-glycoprotein interference,0.5833333333333334
CHEMBL572,CHEMBL1103,1,medium,CYP3A4 inhibition,0.6170212765957447
CHEMBL573,CHEMBL934,1,medium,Additive effects,0.5151515151515151
CHEMBL573,CHEMBL1140,1,medium,Additive effects,0.6538461538461539
CHEMBL575,CHEMBL615,1,medium,P-glycoprotein interference,0.5862068965517241
CHEMBL575,CHEMBL819,1,medium,Additive effects,0.5967741935483871
CHEMBL575,CHEMBL891,1,medium,pH alteration,0.5522388059701493
CHEMBL575,CHEMBL893,1,medium,pH alteration,0.59375
CHEMBL575,CHEMBL1082,1,medium,pH alteration,0.5245901639344263
CHEMBL575,CHEMBL1214,1,medium,P-glycoprotein interference,0.5689655172413793
CHEMBL575,CHEMBL174,1,medium,pH alteration,0.5689655172413793
CHEMBL278172,CHEMBL127516,1,medium,P-glycoprotein interference,0.6774193548387096
CHEMBL577,CHEMBL578,1,high,P-glycoprotein interference,0.8113207547169812
CHEMBL577,CHEMBL317094,1,medium,Additive effects,0.515625
CHEMBL577,CHEMBL1165,1,medium,P-glycoprotein interference,0.5072463768115942
CHEMBL577,CHEMBL1168,1,medium,Additive effects,0.5384615384615384
CHEMBL577,CHEMBL419213,1,medium,pH alteration,0.6896551724137931
CHEMBL577,CHEMBL1237,1,high,CYP3A4 inhibition,0.7017543859649122
CHEMBL578,CHEMBL317094,1,medium,pH alteration,0.6557377049180327
CHEMBL578,CHEMBL1165,1,medium,CYP3A4 inhibition,0.6363636363636364
CHEMBL578,CHEMBL1168,1,medium,pH alteration,0.6774193548387096
CHEMBL578,CHEMBL419213,1,medium,Additive effects,0.5692307692307692
CHEMBL578,CHEMBL1237,1,medium,CYP3A4 inhibition,0.578125
CHEMBL580,CHEMBL22097,1,medium,Additive effects,0.6
CHEMBL583,CHEMBL1202,1,medium,Additive effects,0.5151515151515151
CHEMBL114,CHEMBL282042,1,high,pH alteration,0.9512195121951219
CHEMBL584,CHEMBL1205,1,high,P-glycoprotein interference,0.9452054794520548
CHEMBL116,CHEMBL1323,1,high,P-glycoprotein interference,0.7236842105263158
CHEMBL16476,CHEMBL776,1,medium,P-glycoprotein interference,0.5277777777777778
CHEMBL588,CHEMBL1026,1,high,Additive effects,0.8444444444444444
CHEMBL17157,CHEMBL914,1,high,pH alteration,0.803921568627451
CHEMBL592,CHEMBL52440,1,high,pH alteration,0.7083333333333334
CHEMBL593,CHEMBL929,1,high,pH alteration,0.9836065573770492
CHEMBL595,CHEMBL121,1,medium,P-glycoprotein interference,0.5245901639344263
CHEMBL596,CHEMBL688,1,high,CYP3A4 inhibition,0.8
CHEMBL121,CHEMBL843,1,high,P-glycoprotein interference,0.8727272727272727
CHEMBL599,CHEMBL53292,1,medium,Additive effects,0.5964912280701754
CHEMBL601,CHEMBL773,1,medium,P-glycoprotein interference,0.5294117647058824
CHEMBL19019,CHEMBL656,1,medium,pH alteration,0.5757575757575758
CHEMBL19019,CHEMBL895,1,medium,Additive effects,0.6307692307692307
CHEMBL19019,CHEMBL963,1,high,Additive effects,0.711864406779661
CHEMBL19019,CHEMBL982,1,high,CYP3A4 inhibition,0.7966101694915254
CHEMBL276568,CHEMBL680,1,medium,pH alteration,0.6031746031746031
CHEMBL19224,CHEMBL98123,1,high,Additive effects,0.9714285714285714
CHEMBL605,CHEMBL640,1,high,CYP3A4 inhibition,0.96875
CHEMBL611,CHEMBL707,1,medium,pH alteration,0.6515151515151515
CHEMBL611,CHEMBL709,1,medium,P-glycoprotein interference,0.5068493150684932
CHEMBL615,CHEMBL819,1,medium,P-glycoprotein interference,0.5230769230769231
CHEMBL615,CHEMBL1082,1,medium,Additive effects,0.5245901639344263
CHEMBL615,CHEMBL1126,1,medium,CYP3A4 inhibition,0.5862068965517241
CHEMBL615,CHEMBL1214,1,medium,Additive effects,0.5964912280701754
CHEMBL615,CHEMBL1223,1,medium,P-glycoprotein interference,0.5862068965517241
CHEMBL615,CHEMBL174,1,medium,P-glycoprotein interference,0.5964912280701754
CHEMBL617,CHEMBL996,1,medium,CYP3A4 inhibition,0.5466666666666666
CHEMBL127,CHEMBL1359,1,medium,pH alteration,0.6470588235294118
CHEMBL621,CHEMBL623,1,medium,pH alteration,0.5522388059701493
CHEMBL626,CHEMBL822,1,medium,pH alteration,0.6222222222222222
CHEMBL22097,CHEMBL967,1,high,CYP3A4 inhibition,0.7608695652173914
CHEMBL629,CHEMBL669,1,medium,pH alteration,0.6285714285714286
CHEMBL21869,CHEMBL24944,1,medium,P-glycoprotein interference,0.6571428571428571
CHEMBL128,CHEMBL905,1,medium,P-glycoprotein interference,0.5178571428571429
CHEMBL128,CHEMBL1185,1,medium,Additive effects,0.543859649122807
CHEMBL634,CHEMBL658,1,medium,P-glycoprotein interference,0.6153846153846154
CHEMBL635,CHEMBL131,1,medium,Additive effects,0.6833333333333333
CHEMBL635,CHEMBL650,1,medium,P-glycoprotein interference,0.5147058823529411
CHEMBL635,CHEMBL1152,1,medium,P-glycoprotein interference,0.5362318840579711
CHEMBL637,CHEMBL1118,1,high,P-glycoprotein interference,0.717948717948718
CHEMBL642,CHEMBL27810,1,medium,P-glycoprotein interference,0.5573770491803278
CHEMBL643,CHEMBL829,1,medium,P-glycoprotein interference,0.6666666666666666
CHEMBL643,CHEMBL1206,1,high,Additive effects,0.7142857142857143
CHEMBL643,CHEMBL346977,1,medium,Additive effects,0.6744186046511628
CHEMBL131,CHEMBL650,1,high,CYP3A4 inhibition,0.7049180327868853
CHEMBL131,CHEMBL1091,1,medium,Additive effects,0.5362318840579711
CHEMBL131,CHEMBL1152,1,high,P-glycoprotein interference,0.7833333333333333
CHEMBL131,CHEMBL1370,1,medium,P-glycoprotein interference,0.5833333333333334
CHEMBL644,CHEMBL829,1,medium,CYP3A4 inhibition,0.631578947368421
CHEMBL645,CHEMBL768,1,medium,P-glycoprotein interference,0.5490196078431373
CHEMBL646,CHEMBL655,1,medium,pH alteration,0.5263157894736842
CHEMBL646,CHEMBL661,1,high,Additive effects,0.7659574468085106
CHEMBL650,CHEMBL1152,1,medium,P-glycoprotein interference,0.5571428571428572
CHEMBL134,CHEMBL1079,1,medium,P-glycoprotein interference,0.5853658536585366
CHEMBL655,CHEMBL968,1,medium,Additive effects,0.5079365079365079
CHEMBL656,CHEMBL963,1,high,P-glycoprotein interference,0.7678571428571429
CHEMBL135,CHEMBL691,1,medium,CYP3A4 inhibition,0.5769230769230769
CHEMBL135,CHEMBL282575,1,medium,P-glycoprotein interference,0.625
CHEMBL657,CHEMBL864,1,medium,Additive effects,0.5365853658536586
CHEMBL657,CHEMBL900,1,high,CYP3A4 inhibition,0.7272727272727273
CHEMBL658,CHEMBL1005,1,medium,pH alteration,0.5076923076923077
CHEMBL661,CHEMBL28333,1,medium,CYP3A4 inhibition,0.54
CHEMBL661,CHEMBL285674,1,medium,P-glycoprotein interference,0.62
CHEMBL667,CHEMBL703,1,medium,pH alteration,0.6521739130434783
CHEMBL667,CHEMBL965,1,medium,CYP3A4 inhibition,0.625
CHEMBL667,CHEMBL983,1,medium,pH alteration,0.625
CHEMBL667,CHEMBL1184,1,high,CYP3A4 inhibition,0.95
CHEMBL137,CHEMBL1220,1,medium,pH alteration,0.6410256410256411
CHEMBL672,CHEMBL981,1,medium,CYP3A4 inhibition,0.6666666666666666
CHEMBL673,CHEMBL972,1,medium,P-glycoprotein interference,0.5294117647058824
CHEMBL25105,CHEMBL361506,1,medium,pH alteration,0.6857142857142857
CHEMBL675,CHEMBL834,1,medium,P-glycoprotein interference,0.5357142857142857
CHEMBL675,CHEMBL870,1,high,pH alteration,0.7307692307692307
CHEMBL677,CHEMBL61006,1,medium,pH alteration,0.5172413793103449
CHEMBL679,CHEMBL1215,1,medium,CYP3A4 inhibition,0.6060606060606061
CHEMBL680,CHEMBL1013,1,medium,pH alteration,0.6607142857142857
CHEMBL684,CHEMBL937,1,medium,pH alteration,0.6764705882352942
CHEMBL139,CHEMBL1034,1,high,Additive effects,0.7297297297297297
CHEMBL139,CHEMBL93645,1,high,pH alteration,0.725
CHEMBL686,CHEMBL121626,1,high,P-glycoprotein interference,0.7142857142857143
CHEMBL690,CHEMBL1144,1,high,pH alteration,0.84375
CHEMBL695,CHEMBL1100,1,medium,P-glycoprotein interference,0.5555555555555556
CHEMBL702,CHEMBL1082,1,medium,P-glycoprotein interference,0.5070422535211268
CHEMBL702,CHEMBL1214,1,medium,CYP3A4 inhibition,0.5909090909090909
CHEMBL702,CHEMBL174,1,medium,Additive effects,0.5909090909090909
CHEMBL703,CHEMBL965,1,medium,P-glycoprotein interference,0.625
CHEMBL703,CHEMBL983,1,high,P-glycoprotein interference,0.95
CHEMBL703,CHEMBL1184,1,medium,Additive effects,0.625
CHEMBL704,CHEMBL1169,1,medium,Additive effects,0.6923076923076923
CHEMBL705,CHEMBL986,1,medium,pH alteration,0.6956521739130435
CHEMBL705,CHEMBL1293,1,high,CYP3A4 inhibition,0.8
CHEMBL711,CHEMBL712,1,medium,pH alteration,0.6071428571428571
CHEMBL711,CHEMBL24924,1,medium,Additive effects,0.68
CHEMBL712,CHEMBL24924,1,medium,P-glycoprotein interference,0.5806451612903226
CHEMBL141,CHEMBL803,1,medium,P-glycoprotein interference,0.52
CHEMBL141,CHEMBL853,1,medium,P-glycoprotein interference,0.6170212765957447
CHEMBL141,CHEMBL885,1,medium,CYP3A4 inhibition,0.6326530612244898
CHEMBL714,CHEMBL1002,1,high,CYP3A4 inhibition,1.0
CHEMBL285802,CHEMBL908,1,medium,P-glycoprotein interference,0.5094339622641509
CHEMBL28333,CHEMBL285674,1,medium,pH alteration,0.52
CHEMBL717,CHEMBL110691,1,medium,CYP3A4 inhibition,0.5806451612903226
CHEMBL434200,CHEMBL839,1,medium,P-glycoprotein interference,0.5084745762711864
CHEMBL434200,CHEMBL1290,1,medium,CYP3A4 inhibition,0.5272727272727272
CHEMBL726,CHEMBL728,1,medium,pH alteration,0.5636363636363636
CHEMBL726,CHEMBL1085,1,medium,P-glycoprotein interference,0.6545454545454545
CHEMBL726,CHEMBL1378,1,medium,Additive effects,0.5254237288135594
CHEMBL728,CHEMBL1085,1,medium,pH alteration,0.5818181818181818
CHEMBL728,CHEMBL1378,1,high,CYP3A4 inhibition,0.72
CHEMBL30116,CHEMBL826,1,medium,P-glycoprotein interference,0.6491228070175439
CHEMBL30008,CHEMBL43064,1,high,pH alteration,0.8157894736842105
CHEMBL746,CHEMBL915,1,high,CYP3A4 inhibition,0.7307692307692307
CHEMBL752,CHEMBL1090,1,medium,pH alteration,0.6862745098039216
CHEMBL761,CHEMBL770,1,medium,CYP3A4 inhibition,0.5555555555555556
CHEMBL762,CHEMBL312448,1,medium,Additive effects,0.6428571428571429
CHEMBL765,CHEMBL1345,1,high,P-glycoprotein interference,0.8275862068965517
CHEMBL770,CHEMBL1305,1,medium,CYP3A4 inhibition,0.6
CHEMBL776,CHEMBL32800,1,medium,CYP3A4 inhibition,0.6111111111111112
CHEMBL777,CHEMBL1003,1,high,Additive effects,0.7435897435897436
CHEMBL33986,CHEMBL299400,1,high,Additive effects,0.8333333333333334
CHEMBL788,CHEMBL917,1,high,CYP3A4 inhibition,0.7333333333333333
CHEMBL788,CHEMBL1129,1,medium,pH alteration,0.6875
CHEMBL790,CHEMBL1377,1,medium,pH alteration,0.5526315789473685
CHEMBL796,CHEMBL827,1,high,P-glycoprotein interference,1.0
CHEMBL796,CHEMBL904,1,high,pH alteration,0.972972972972973
CHEMBL803,CHEMBL853,1,medium,P-glycoprotein interference,0.5416666666666666
CHEMBL803,CHEMBL888,1,medium,CYP3A4 inhibition,0.6041666666666666
CHEMBL808,CHEMBL1221,1,medium,Additive effects,0.6153846153846154
CHEMBL37390,CHEMBL70246,1,medium,Additive effects,0.6341463414634146
CHEMBL811,CHEMBL1193,1,high,Additive effects,0.8055555555555556
CHEMBL812,CHEMBL1115,1,high,Additive effects,0.9666666666666667
CHEMBL441738,CHEMBL1007,1,medium,CYP3A4 inhibition,0.5620915032679739
CHEMBL815,CHEMBL1139,1,medium,pH alteration,0.5645161290322581
CHEMBL819,CHEMBL891,1,high,Additive effects,0.7903225806451613
CHEMBL819,CHEMBL893,1,high,CYP3A4 inhibition,0.7868852459016393
CHEMBL819,CHEMBL1214,1,medium,Additive effects,0.53125
CHEMBL819,CHEMBL174,1,medium,P-glycoprotein interference,0.53125
CHEMBL290960,CHEMBL1103,1,medium,pH alteration,0.5185185185185185
CHEMBL827,CHEMBL904,1,high,P-glycoprotein interference,0.972972972972973
CHEMBL264374,CHEMBL981,1,medium,CYP3A4 inhibition,0.6136363636363636
CHEMBL829,CHEMBL1206,1,medium,CYP3A4 inhibition,0.5897435897435898
CHEMBL831,CHEMBL304902,1,medium,pH alteration,0.62
CHEMBL831,CHEMBL1113,1,high,P-glycoprotein interference,0.7391304347826086
CHEMBL834,CHEMBL870,1,high,Additive effects,0.7272727272727273
CHEMBL158,CHEMBL44354,1,medium,P-glycoprotein interference,0.5238095238095238
CHEMBL44354,CHEMBL161,1,medium,pH alteration,0.5102040816326531
CHEMBL44354,CHEMBL65794,1,medium,P-glycoprotein interference,0.6344086021505376
CHEMBL44354,CHEMBL1010,1,medium,CYP3A4 inhibition,0.627906976744186
CHEMBL43452,CHEMBL848,1,medium,Additive effects,0.6170212765957447
CHEMBL846,CHEMBL1040,1,high,Additive effects,0.7936507936507936
CHEMBL846,CHEMBL1042,1,medium,Additive effects,0.6417910447761194
CHEMBL852,CHEMBL925,1,medium,CYP3A4 inhibition,0.5555555555555556
CHEMBL297302,CHEMBL1108,1,medium,Additive effects,0.609375
CHEMBL853,CHEMBL888,1,medium,pH alteration,0.5098039215686274
CHEMBL855,CHEMBL1224,1,medium,CYP3A4 inhibition,0.5818181818181818
CHEMBL45029,CHEMBL856,1,medium,P-glycoprotein interference,0.5405405405405406
CHEMBL45029,CHEMBL861,1,medium,Additive effects,0.5526315789473685
CHEMBL46399,CHEMBL100116,1,medium,P-glycoprotein interference,0.6481481481481481
CHEMBL46469,CHEMBL53418,1,medium,CYP3A4 inhibition,0.5555555555555556
CHEMBL865,CHEMBL296913,1,medium,Additive effects,0.6
CHEMBL159,CHEMBL90555,1,high,P-glycoprotein interference,0.883495145631068
CHEMBL295698,CHEMBL64391,1,medium,pH alteration,0.5531914893617021
CHEMBL295698,CHEMBL157101,1,high,P-glycoprotein interference,1.0
CHEMBL295698,CHEMBL1306,1,medium,CYP3A4 inhibition,0.6071428571428571
CHEMBL891,CHEMBL893,1,high,Additive effects,0.8387096774193549
CHEMBL895,CHEMBL982,1,medium,P-glycoprotein interference,0.6307692307692307
CHEMBL896,CHEMBL1000,1,high,Additive effects,0.7446808510638298
CHEMBL53463,CHEMBL1117,1,high,CYP3A4 inhibition,0.7012987012987013
CHEMBL911,CHEMBL54349,1,medium,P-glycoprotein interference,0.5660377358490566
CHEMBL917,CHEMBL1129,1,high,CYP3A4 inhibition,0.723404255319149
CHEMBL161,CHEMBL927,1,medium,CYP3A4 inhibition,0.5287356321839081
CHEMBL161,CHEMBL65794,1,medium,P-glycoprotein interference,0.5247524752475248
CHEMBL161,CHEMBL1010,1,medium,P-glycoprotein interference,0.5955056179775281
CHEMBL925,CHEMBL1009,1,medium,pH alteration,0.6451612903225806
CHEMBL927,CHEMBL1010,1,medium,Additive effects,0.5060240963855421
CHEMBL54976,CHEMBL350221,1,medium,P-glycoprotein interference,0.675
CHEMBL936,CHEMBL86715,1,medium,Additive effects,0.5609756097560976
CHEMBL936,CHEMBL1092,1,medium,P-glycoprotein interference,0.5476190476190477
CHEMBL938,CHEMBL1007,1,medium,CYP3A4 inhibition,0.5407407407407407
CHEMBL301267,CHEMBL361497,1,medium,CYP3A4 inhibition,0.6428571428571429
CHEMBL944,CHEMBL1195,1,medium,CYP3A4 inhibition,0.6595744680851063
CHEMBL61593,CHEMBL1054,1,medium,CYP3A4 inhibition,0.5454545454545454
CHEMBL962,CHEMBL1139,1,high,CYP3A4 inhibition,0.8245614035087719
CHEMBL963,CHEMBL982,1,medium,CYP3A4 inhibition,0.5538461538461539
CHEMBL965,CHEMBL983,1,medium,pH alteration,0.6
CHEMBL965,CHEMBL1184,1,medium,pH alteration,0.6
CHEMBL968,CHEMBL970,1,medium,P-glycoprotein interference,0.5161290322580645
CHEMBL969,CHEMBL970,1,medium,CYP3A4 inhibition,0.6923076923076923
CHEMBL64391,CHEMBL157101,1,medium,Additive effects,0.5531914893617021
CHEMBL64391,CHEMBL1306,1,high,Additive effects,0.7469879518072289
CHEMBL977,CHEMBL1091,1,high,Additive effects,0.796875
CHEMBL977,CHEMBL1152,1,medium,pH alteration,0.5675675675675675
CHEMBL979,CHEMBL1233,1,medium,pH alteration,0.696969696969697
CHEMBL983,CHEMBL1184,1,medium,Additive effects,0.6666666666666666
CHEMBL984,CHEMBL1360,1,medium,P-glycoprotein interference,0.671875
CHEMBL986,CHEMBL1293,1,high,pH alteration,0.8
CHEMBL65794,CHEMBL1010,1,medium,pH alteration,0.6590909090909091
CHEMBL998,CHEMBL91397,1,medium,P-glycoprotein interference,0.5909090909090909
CHEMBL998,CHEMBL1172,1,medium,CYP3A4 inhibition,0.5789473684210527
CHEMBL1009,CHEMBL313972,1,medium,pH alteration,0.53125
CHEMBL75435,CHEMBL1297,1,medium,P-glycoprotein interference,0.5833333333333334
CHEMBL1021,CHEMBL1077,1,medium,P-glycoprotein interference,0.625
CHEMBL1034,CHEMBL93645,1,medium,P-glycoprotein interference,0.6136363636363636
CHEMBL1040,CHEMBL1042,1,high,P-glycoprotein interference,0.8166666666666667
CHEMBL1046,CHEMBL1238,1,high,CYP3A4 inhibition,0.7058823529411765
CHEMBL420762,CHEMBL344159,1,medium,pH alteration,0.5428571428571428
CHEMBL1060,CHEMBL1368,1,high,Additive effects,0.8
CHEMBL86882,CHEMBL1215,1,medium,P-glycoprotein interference,0.696969696969697
CHEMBL86715,CHEMBL1092,1,high,pH alteration,0.9714285714285714
CHEMBL86715,CHEMBL1101,1,medium,CYP3A4 inhibition,0.6086956521739131
CHEMBL1072,CHEMBL349803,1,medium,pH alteration,0.5172413793103449
CHEMBL315985,CHEMBL87992,1,medium,Additive effects,0.627906976744186
CHEMBL1082,CHEMBL1214,1,medium,CYP3A4 inhibition,0.6428571428571429
CHEMBL1082,CHEMBL174,1,high,pH alteration,0.84
CHEMBL91397,CHEMBL1172,1,medium,pH alteration,0.55
CHEMBL1085,CHEMBL1378,1,medium,Additive effects,0.5423728813559322
CHEMBL1087,CHEMBL1098,1,medium,Additive effects,0.6888888888888889
CHEMBL1090,CHEMBL317052,1,medium,pH alteration,0.5076923076923077
CHEMBL90593,CHEMBL112570,1,medium,pH alteration,0.5087719298245614
CHEMBL1091,CHEMBL1152,1,high,CYP3A4 inhibition,0.7076923076923077
CHEMBL1092,CHEMBL1101,1,medium,P-glycoprotein interference,0.5957446808510638
CHEMBL1104,CHEMBL1128,1,high,pH alteration,0.96
CHEMBL413965,CHEMBL341812,1,medium,P-glycoprotein interference,0.5172413793103449
CHEMBL1121,CHEMBL1328,1,medium,pH alteration,0.6354166666666666
CHEMBL317094,CHEMBL1165,1,medium,P-glycoprotein interference,0.5797101449275363
CHEMBL317094,CHEMBL1168,1,medium,CYP3A4 inhibition,0.6153846153846154
CHEMBL1126,CHEMBL1214,1,medium,pH alteration,0.5166666666666667
CHEMBL1126,CHEMBL1223,1,high,P-glycoprotein interference,0.9574468085106383
CHEMBL1126,CHEMBL174,1,medium,pH alteration,0.5166666666666667
CHEMBL1133,CHEMBL1231,1,high,Additive effects,0.9782608695652174
CHEMBL1134,CHEMBL1190,1,high,Additive effects,0.9166666666666666
CHEMBL108545,CHEMBL154111,1,medium,CYP3A4 inhibition,0.53125
CHEMBL1146,CHEMBL1296,1,medium,P-glycoprotein interference,0.5111111111111111
CHEMBL110691,CHEMBL139835,1,medium,Additive effects,0.6557377049180327
CHEMBL1165,CHEMBL1168,1,medium,CYP3A4 inhibition,0.5555555555555556
CHEMBL419213,CHEMBL1237,1,high,pH alteration,0.9807692307692307
CHEMBL333826,CHEMBL121663,1,high,P-glycoprotein interference,0.967741935483871
CHEMBL119443,CHEMBL157138,1,medium,P-glycoprotein interference,0.5797101449275363
CHEMBL339427,CHEMBL1259,1,medium,CYP3A4 inhibition,0.6233766233766234
CHEMBL338802,CHEMBL139877,1,medium,CYP3A4 inhibition,0.6896551724137931
CHEMBL338802,CHEMBL1243,1,medium,pH alteration,0.5428571428571428
CHEMBL1195,CHEMBL1196,1,medium,CYP3A4 inhibition,0.6326530612244898
CHEMBL1195,CHEMBL1200,1,medium,P-glycoprotein interference,0.5882352941176471
CHEMBL1196,CHEMBL1200,1,high,CYP3A4 inhibition,0.723404255319149
CHEMBL1206,CHEMBL346977,1,medium,P-glycoprotein interference,0.5102040816326531
CHEMBL1214,CHEMBL1223,1,medium,P-glycoprotein interference,0.5166666666666667
CHEMBL1214,CHEMBL174,1,high,pH alteration,0.7647058823529411
CHEMBL1223,CHEMBL174,1,medium,pH alteration,0.5166666666666667
CHEMBL341812,CHEMBL175,1,medium,Additive effects,0.6
CHEMBL1238,CHEMBL1342,1,medium,pH alteration,0.625
CHEMBL139877,CHEMBL1243,1,medium,P-glycoprotein interference,0.6060606060606061
CHEMBL1251,CHEMBL415606,1,medium,P-glycoprotein interference,0.6691176470588235
CHEMBL1251,CHEMBL1252,1,high,Additive effects,0.7364341085271318
CHEMBL415606,CHEMBL1252,1,medium,pH alteration,0.6861313868613139
CHEMBL1294,CHEMBL170,1,high,pH alteration,1.0
CHEMBL157101,CHEMBL1306,1,medium,Additive effects,0.6071428571428571
CHEMBL1353,CHEMBL1354,1,medium,pH alteration,0.5454545454545454
CHEMBL1353,CHEMBL186314,1,medium,pH alteration,0.6666666666666666
CHEMBL1354,CHEMBL186314,1,medium,pH alteration,0.6
CHEMBL990,CHEMBL191083,0,low,none,0.1111111111111111
CHEMBL819,CHEMBL1034,0,low,none,0.11688311688311688
CHEMBL1134,CHEMBL361497,0,low,none,0.03333333333333333
CHEMBL405,CHEMBL530,0,low,none,0.07142857142857142
CHEMBL7413,CHEMBL42403,0,low,none,0.0
CHEMBL853,CHEMBL1275,0,low,none,0.10714285714285714
CHEMBL437,CHEMBL1085,0,low,none,0.08450704225352113
CHEMBL285802,CHEMBL996,0,low,none,0.08421052631578947
CHEMBL454,CHEMBL361506,0,low,none,0.05084745762711865
CHEMBL720,CHEMBL1034,0,low,none,0.175
CHEMBL43452,CHEMBL1140,0,low,none,0.1346153846153846
CHEMBL582,CHEMBL19490,0,low,none,0.05
CHEMBL3,CHEMBL485,0,low,none,0.16176470588235295
CHEMBL501,CHEMBL75880,0,low,none,0.0425531914893617
CHEMBL496,CHEMBL273575,0,low,none,0.0392156862745098
CHEMBL42403,CHEMBL1107,0,low,none,0.019230769230769232
CHEMBL503,CHEMBL941,0,low,none,0.07894736842105263
CHEMBL434,CHEMBL832,0,low,none,0.07142857142857142
CHEMBL42403,CHEMBL160,0,low,none,0.012987012987012988
CHEMBL675,CHEMBL832,0,low,none,0.05555555555555555
CHEMBL703,CHEMBL738,0,low,none,0.061224489795918366
CHEMBL41286,CHEMBL64195,0,low,none,0.14545454545454545
CHEMBL15870,CHEMBL705,0,low,none,0.10144927536231885
CHEMBL282724,CHEMBL41286,0,low,none,0.10588235294117647
CHEMBL424,CHEMBL1292,0,low,none,0.07936507936507936
CHEMBL564,CHEMBL431770,0,low,none,0.10144927536231885
CHEMBL563,CHEMBL1005,0,low,none,0.14925373134328357
CHEMBL562,CHEMBL788,0,low,none,0.09210526315789473
CHEMBL19224,CHEMBL897,0,low,none,0.08620689655172414
CHEMBL1303,CHEMBL360328,0,low,none,0.11764705882352941
CHEMBL852,CHEMBL1095,0,low,none,0.1111111111111111
CHEMBL29,CHEMBL608,0,low,none,0.06666666666666667
CHEMBL436,CHEMBL989,0,low,none,0.08333333333333333
CHEMBL72,CHEMBL121626,0,low,none,0.1320754716981132
CHEMBL121,CHEMBL285674,0,low,none,0.08641975308641975
CHEMBL74632,CHEMBL315985,0,low,none,0.09574468085106383
CHEMBL16,CHEMBL1208,0,low,none,0.10909090909090909
CHEMBL15677,CHEMBL861,0,low,none,0.14545454545454545
CHEMBL502,CHEMBL90593,0,low,none,0.12
CHEMBL471,CHEMBL1368,0,low,none,0.05128205128205128
CHEMBL925,CHEMBL177367,0,low,none,0.03333333333333333
CHEMBL129,CHEMBL315985,0,low,none,0.09859154929577464
CHEMBL975,CHEMBL418995,0,low,none,0.041666666666666664
CHEMBL104,CHEMBL83063,0,low,none,0.06896551724137931
CHEMBL58,CHEMBL601,0,low,none,0.06818181818181818
CHEMBL403,CHEMBL108545,0,low,none,0.10869565217391304
CHEMBL503,CHEMBL727,0,low,none,0.05
CHEMBL734,CHEMBL1197,0,low,none,0.12195121951219512
CHEMBL960,CHEMBL420762,0,low,none,0.23943661971830985
CHEMBL1070,CHEMBL539423,0,low,none,0.12631578947368421
CHEMBL312448,CHEMBL363295,0,low,none,0.12
CHEMBL528,CHEMBL83668,0,low,none,0.06896551724137931
CHEMBL809,CHEMBL959,0,low,none,0.061224489795918366
CHEMBL76370,CHEMBL1357,0,low,none,0.03278688524590164
CHEMBL278623,CHEMBL1115,0,low,none,0.1111111111111111
CHEMBL428880,CHEMBL83668,0,low,none,0.12121212121212122
CHEMBL311498,CHEMBL1190,0,low,none,0.0
CHEMBL641,CHEMBL89598,0,low,none,0.08163265306122448
CHEMBL15770,CHEMBL319144,0,low,none,0.08108108108108109
CHEMBL832,CHEMBL49080,0,low,none,0.05084745762711865
CHEMBL448,CHEMBL995,0,low,none,0.06756756756756757
CHEMBL706,CHEMBL1311,0,low,none,0.02564102564102564
CHEMBL49080,CHEMBL981,0,low,none,0.15384615384615385
CHEMBL654,CHEMBL898,0,low,none,0.06153846153846154
CHEMBL675,CHEMBL1337,0,low,none,0.06666666666666667
CHEMBL516,CHEMBL916,0,low,none,0.06578947368421052
CHEMBL428647,CHEMBL813,0,low,none,0.10852713178294573
CHEMBL27,CHEMBL354077,0,low,none,0.0625
CHEMBL1306,CHEMBL435298,0,low,none,0.07692307692307693
CHEMBL585,CHEMBL843,0,low,none,0.09210526315789473
CHEMBL445,CHEMBL13280,0,low,none,0.13846153846153847
CHEMBL583,CHEMBL706,0,low,none,0.03125
CHEMBL46,CHEMBL87493,0,low,none,0.09722222222222222
CHEMBL609,CHEMBL1308,0,low,none,0.0
CHEMBL549,CHEMBL295698,0,low,none,0.13861386138613863
CHEMBL442,CHEMBL338802,0,low,none,0.06862745098039216
CHEMBL314854,CHEMBL1197,0,low,none,0.1206896551724138
CHEMBL1029,CHEMBL127516,0,low,none,0.16666666666666666
CHEMBL413,CHEMBL32800,0,low,none,0.064
CHEMBL19449,CHEMBL672,0,low,none,0.15254237288135594
CHEMBL273575,CHEMBL420762,0,low,none,0.1643835616438356
CHEMBL550,CHEMBL1023,0,low,none,0.07692307692307693
CHEMBL43,CHEMBL965,0,low,none,0.05084745762711865
CHEMBL43064,CHEMBL1251,0,low,none,0.07575757575757576
CHEMBL477,CHEMBL1311,0,low,none,0.06451612903225806
CHEMBL428647,CHEMBL524,0,low,none,0.08490566037735849
CHEMBL266349,CHEMBL654,0,low,none,0.08139534883720931
CHEMBL742,CHEMBL1131,0,low,none,0.057971014492753624
CHEMBL810,CHEMBL299400,0,low,none,0.08860759493670886
CHEMBL945,CHEMBL1069,0,low,none,0.06329113924050633
CHEMBL898,CHEMBL98123,0,low,none,0.06451612903225806
CHEMBL90555,CHEMBL343448,0,low,none,0.07534246575342465
CHEMBL141,CHEMBL1004,0,low,none,0.07352941176470588
CHEMBL273575,CHEMBL1294,0,low,none,0.10126582278481013
CHEMBL479,CHEMBL880,0,low,none,0.07142857142857142
CHEMBL94,CHEMBL1265,0,low,none,0.1917808219178082
CHEMBL301265,CHEMBL421701,0,low,none,0.07692307692307693
CHEMBL479,CHEMBL278398,0,low,none,0.15714285714285714
CHEMBL741,CHEMBL117785,0,low,none,0.02857142857142857
CHEMBL43128,CHEMBL301267,0,low,none,0.03409090909090909
CHEMBL720,CHEMBL1017,0,low,none,0.15384615384615385
CHEMBL931,CHEMBL329522,0,low,none,0.0
CHEMBL54,CHEMBL681,0,low,none,0.1095890410958904
CHEMBL301267,CHEMBL306823,0,low,none,0.0
CHEMBL963,CHEMBL1353,0,low,none,0.05660377358490566
CHEMBL703,CHEMBL416956,0,low,none,0.04838709677419355
CHEMBL532,CHEMBL821,0,low,none,0.02531645569620253
CHEMBL707,CHEMBL121626,0,low,none,0.11392405063291139
CHEMBL46286,CHEMBL53292,0,low,none,0.10576923076923077
CHEMBL1014,CHEMBL1316,0,low,none,0.1188118811881188
CHEMBL529,CHEMBL1043,0,low,none,0.02127659574468085
CHEMBL1353,CHEMBL188952,0,low,none,0.10526315789473684
CHEMBL979,CHEMBL1010,0,low,none,0.0975609756097561
CHEMBL681,CHEMBL1118,0,low,none,0.14754098360655737
CHEMBL34259,CHEMBL1136,0,low,none,0.10948905109489052
CHEMBL608,CHEMBL1197,0,low,none,0.07547169811320754
CHEMBL509,CHEMBL831,0,low,none,0.12121212121212122
CHEMBL833,CHEMBL1023,0,low,none,0.06153846153846154
CHEMBL36715,CHEMBL857,0,low,none,0.13725490196078433
CHEMBL22,CHEMBL53463,0,low,none,0.10526315789473684
CHEMBL847,CHEMBL1321,0,low,none,0.15384615384615385
CHEMBL643,CHEMBL312448,0,low,none,0.09090909090909091
CHEMBL54349,CHEMBL86715,0,low,none,0.08333333333333333
CHEMBL434,CHEMBL262777,0,low,none,0.09722222222222222
CHEMBL1108,CHEMBL338975,0,low,none,0.12371134020618557
CHEMBL302795,CHEMBL73234,0,low,none,0.11538461538461539
CHEMBL1198,CHEMBL334966,0,low,none,0.08
CHEMBL607,CHEMBL346235,0,low,none,0.12121212121212122
CHEMBL30,CHEMBL530,0,low,none,0.06329113924050633
CHEMBL464,CHEMBL24924,0,low,none,0.046153846153846156
CHEMBL277062,CHEMBL54976,0,low,none,0.1076923076923077
CHEMBL1231,CHEMBL1275,0,low,none,0.12222222222222222
CHEMBL546,CHEMBL956,0,low,none,0.13333333333333333
CHEMBL655,CHEMBL284906,0,low,none,0.07894736842105263
CHEMBL103,CHEMBL827,0,low,none,0.16417910447761194
CHEMBL90,CHEMBL959,0,low,none,0.02631578947368421
CHEMBL563,CHEMBL914,0,low,none,0.19696969696969696
CHEMBL813,CHEMBL841,0,low,none,0.13043478260869565
CHEMBL180022,CHEMBL1370,0,low,none,0.06015037593984962
CHEMBL114,CHEMBL139367,0,low,none,0.14150943396226415
CHEMBL843,CHEMBL846,0,low,none,0.06666666666666667
CHEMBL278020,CHEMBL354077,0,low,none,0.06976744186046512
CHEMBL6437,CHEMBL436,0,low,none,0.0684931506849315
CHEMBL925,CHEMBL1089,0,low,none,0.19444444444444445
CHEMBL85231,CHEMBL317094,0,low,none,0.15625
CHEMBL562,CHEMBL1002,0,low,none,0.0547945205479452
CHEMBL86304,CHEMBL340978,0,low,none,0.19047619047619047
CHEMBL416,CHEMBL591,0,low,none,0.06
CHEMBL290106,CHEMBL87992,0,low,none,0.07407407407407407
CHEMBL695,CHEMBL904,0,low,none,0.05660377358490566
CHEMBL278172,CHEMBL157101,0,low,none,0.10843373493975904
CHEMBL893,CHEMBL314437,0,low,none,0.10714285714285714
CHEMBL18,CHEMBL1324,0,low,none,0.11290322580645161
CHEMBL684,CHEMBL1291,0,low,none,0.10526315789473684
CHEMBL871,CHEMBL1029,0,low,none,0.05128205128205128
CHEMBL122,CHEMBL975,0,low,none,0.09302325581395349
CHEMBL472,CHEMBL1092,0,low,none,0.13414634146341464
CHEMBL960,CHEMBL113178,0,low,none,0.07547169811320754
CHEMBL264374,CHEMBL1357,0,low,none,0.08
CHEMBL1126,CHEMBL1292,0,low,none,0.10344827586206896
CHEMBL1111,CHEMBL1363,0,low,none,0.13333333333333333
CHEMBL515,CHEMBL891,0,low,none,0.09876543209876543
CHEMBL299400,CHEMBL1159,0,low,none,0.058823529411764705
CHEMBL978,CHEMBL92401,0,low,none,0.175
CHEMBL788,CHEMBL836,0,low,none,0.047619047619047616
CHEMBL1020,CHEMBL1072,0,low,none,0.14705882352941177
CHEMBL650,CHEMBL1194,0,low,none,0.08860759493670886
CHEMBL427,CHEMBL1118,0,low,none,0.1282051282051282
CHEMBL711,CHEMBL766,0,low,none,0.06557377049180328
CHEMBL294199,CHEMBL421701,0,low,none,0.08045977011494253
CHEMBL821,CHEMBL184412,0,low,none,0.015873015873015872
CHEMBL547,CHEMBL1223,0,low,none,0.11842105263157894
CHEMBL565,CHEMBL441738,0,low,none,0.0625
CHEMBL1140,CHEMBL1316,0,low,none,0.11538461538461539
CHEMBL1206,CHEMBL1266,0,low,none,0.10344827586206896
CHEMBL409,CHEMBL26,0,low,none,0.16279069767441862
CHEMBL776,CHEMBL1280,0,low,none,0.10606060606060606
CHEMBL838,CHEMBL1308,0,low,none,0.09375
CHEMBL713,CHEMBL177367,0,low,none,0.018867924528301886
CHEMBL22108,CHEMBL645,0,low,none,0.1111111111111111
CHEMBL83,CHEMBL1004,0,low,none,0.3269230769230769
CHEMBL44657,CHEMBL1354,0,low,none,0.041666666666666664
CHEMBL442,CHEMBL341812,0,low,none,0.10309278350515463
CHEMBL480,CHEMBL345524,0,low,none,0.16494845360824742
CHEMBL19299,CHEMBL975,0,low,none,0.0625
CHEMBL16,CHEMBL282121,0,low,none,0.07352941176470588
CHEMBL1159,CHEMBL340978,0,low,none,0.13432835820895522
CHEMBL591,CHEMBL419213,0,low,none,0.027777777777777776
CHEMBL129,CHEMBL141,0,low,none,0.21428571428571427
CHEMBL1007,CHEMBL1215,0,low,none,0.0916030534351145
CHEMBL24072,CHEMBL1359,0,low,none,0.12658227848101267
CHEMBL1070,CHEMBL325041,0,low,none,0.1267605633802817
CHEMBL620,CHEMBL661,0,low,none,0.12857142857142856
CHEMBL144673,CHEMBL175247,0,low,none,0.12162162162162163
CHEMBL925,CHEMBL1265,0,low,none,0.11666666666666667
CHEMBL1296,CHEMBL1306,0,low,none,0.08527131782945736
CHEMBL502,CHEMBL895,0,low,none,0.14942528735632185
CHEMBL537,CHEMBL934,0,low,none,0.12121212121212122
CHEMBL416146,CHEMBL1055,0,low,none,0.14492753623188406
CHEMBL49,CHEMBL900,0,low,none,0.058823529411764705
CHEMBL343448,CHEMBL170,0,low,none,0.0660377358490566
CHEMBL15245,CHEMBL1087,0,low,none,0.18666666666666668
CHEMBL645,CHEMBL1242,0,low,none,0.047619047619047616
CHEMBL787,CHEMBL94081,0,low,none,0.13978494623655913
CHEMBL305660,CHEMBL341812,0,low,none,0.16129032258064516
CHEMBL434200,CHEMBL90593,0,low,none,0.0945945945945946
CHEMBL32800,CHEMBL891,0,low,none,0.07058823529411765
CHEMBL710,CHEMBL713,0,low,none,0.10227272727272728
CHEMBL13209,CHEMBL790,0,low,none,0.04477611940298507
CHEMBL704,CHEMBL190677,0,low,none,0.19444444444444445
CHEMBL34259,CHEMBL1146,0,low,none,0.11009174311926606
CHEMBL459,CHEMBL61,0,low,none,0.08695652173913043
CHEMBL936,CHEMBL167731,0,low,none,0.06779661016949153
CHEMBL450,CHEMBL45,0,low,none,0.08928571428571429
CHEMBL973,CHEMBL419213,0,low,none,0.11688311688311688
CHEMBL15677,CHEMBL1040,0,low,none,0.034482758620689655
CHEMBL53,CHEMBL744,0,low,none,0.04477611940298507
CHEMBL160,CHEMBL1054,0,low,none,0.05660377358490566
CHEMBL72,CHEMBL710,0,low,none,0.06756756756756757
CHEMBL934,CHEMBL329522,0,low,none,0.17777777777777778
CHEMBL135,CHEMBL282121,0,low,none,0.0975609756097561
CHEMBL296419,CHEMBL63857,0,low,none,0.06329113924050633
CHEMBL5,CHEMBL717,0,low,none,0.08974358974358974
CHEMBL94,CHEMBL941,0,low,none,0.1595744680851064
CHEMBL505,CHEMBL698,0,low,none,0.16129032258064516
CHEMBL496,CHEMBL530,0,low,none,0.03389830508474576
CHEMBL707,CHEMBL939,0,low,none,0.20618556701030927
CHEMBL603,CHEMBL56337,0,low,none,0.12
CHEMBL771,CHEMBL142438,0,low,none,0.0
CHEMBL20883,CHEMBL658,0,low,none,0.08974358974358974
CHEMBL1043,CHEMBL1070,0,low,none,0.09523809523809523
CHEMBL695,CHEMBL1034,0,low,none,0.04
CHEMBL593,CHEMBL712,0,low,none,0.075
CHEMBL296306,CHEMBL77622,0,low,none,0.04838709677419355
CHEMBL43,CHEMBL471,0,low,none,0.2542372881355932
CHEMBL93268,CHEMBL1214,0,low,none,0.04
CHEMBL544,CHEMBL922,0,low,none,0.07936507936507936
CHEMBL689,CHEMBL169901,0,low,none,0.027777777777777776
CHEMBL511,CHEMBL717,0,low,none,0.08860759493670886
CHEMBL968,CHEMBL979,0,low,none,0.057971014492753624
CHEMBL111,CHEMBL1060,0,low,none,0.05454545454545454
CHEMBL26,CHEMBL505,0,low,none,0.0625
CHEMBL267744,CHEMBL46399,0,low,none,0.09210526315789473
CHEMBL269732,CHEMBL419213,0,low,none,0.0859375
CHEMBL609,CHEMBL128,0,low,none,0.04
CHEMBL12713,CHEMBL13376,0,low,none,0.16666666666666666
CHEMBL411,CHEMBL862,0,low,none,0.14634146341463414
CHEMBL524,CHEMBL91397,0,low,none,0.0641025641025641
CHEMBL593,CHEMBL87992,0,low,none,0.12643678160919541
CHEMBL64,CHEMBL1068,0,low,none,0.15555555555555556
CHEMBL408,CHEMBL982,0,low,none,0.13541666666666666
CHEMBL282724,CHEMBL622,0,low,none,0.13333333333333333
CHEMBL659,CHEMBL45816,0,low,none,0.14150943396226415
CHEMBL570,CHEMBL1104,0,low,none,0.1206896551724138
CHEMBL667,CHEMBL679,0,low,none,0.07142857142857142
CHEMBL946,CHEMBL1055,0,low,none,0.10294117647058823
CHEMBL6622,CHEMBL49080,0,low,none,0.02
CHEMBL430,CHEMBL13828,0,low,none,0.08333333333333333
CHEMBL282724,CHEMBL717,0,low,none,0.08163265306122448
CHEMBL545,CHEMBL609,0,low,none,0.0625
CHEMBL43128,CHEMBL41355,0,low,none,0.16455696202531644
CHEMBL101,CHEMBL1223,0,low,none,0.21311475409836064
CHEMBL6995,CHEMBL975,0,low,none,0.04081632653061224
CHEMBL21869,CHEMBL308954,0,low,none,0.14285714285714285
CHEMBL516,CHEMBL1289,0,low,none,0.04
CHEMBL137,CHEMBL833,0,low,none,0.06557377049180328
CHEMBL80,CHEMBL592,0,low,none,0.189873417721519
CHEMBL738,CHEMBL88055,0,low,none,0.04918032786885246
CHEMBL266349,CHEMBL90555,0,low,none,0.125
CHEMBL64391,CHEMBL1069,0,low,none,0.08130081300813008
CHEMBL1070,CHEMBL1321,0,low,none,0.22448979591836735
CHEMBL1008,CHEMBL74632,0,low,none,0.09803921568627451
CHEMBL6,CHEMBL1234,0,low,none,0.06329113924050633
CHEMBL691,CHEMBL1223,0,low,none,0.1125
CHEMBL853,CHEMBL43064,0,low,none,0.09523809523809523
CHEMBL345714,CHEMBL180022,0,low,none,0.10638297872340426
CHEMBL43,CHEMBL864,0,low,none,0.1111111111111111
CHEMBL31,CHEMBL62193,0,low,none,0.09411764705882353
CHEMBL19215,CHEMBL1305,0,low,none,0.12658227848101267
CHEMBL93268,CHEMBL365795,0,low,none,0.027777777777777776
CHEMBL709,CHEMBL904,0,low,none,0.15853658536585366
CHEMBL75880,CHEMBL1091,0,low,none,0.06756756756756757
CHEMBL904,CHEMBL144673,0,low,none,0.046875
CHEMBL30008,CHEMBL346977,0,low,none,0.1111111111111111
CHEMBL70,CHEMBL290960,0,low,none,0.1111111111111111
CHEMBL14370,CHEMBL741,0,low,none,0.05970149253731343
CHEMBL79,CHEMBL421701,0,low,none,0.09859154929577464
CHEMBL781,CHEMBL159,0,low,none,0.10833333333333334
CHEMBL86304,CHEMBL1177,0,low,none,0.08928571428571429
CHEMBL705,CHEMBL1014,0,low,none,0.06422018348623854
CHEMBL453,CHEMBL325109,0,low,none,0.12162162162162163
CHEMBL1185,CHEMBL167150,0,low,none,0.03076923076923077
CHEMBL409,CHEMBL599,0,low,none,0.10344827586206896
CHEMBL9967,CHEMBL617,0,low,none,0.14285714285714285
CHEMBL686,CHEMBL315985,0,low,none,0.1509433962264151
CHEMBL973,CHEMBL1113,0,low,none,0.05714285714285714
CHEMBL32800,CHEMBL928,0,low,none,0.039473684210526314
CHEMBL53,CHEMBL480,0,low,none,0.07317073170731707
CHEMBL80,CHEMBL569,0,low,none,0.0759493670886076
CHEMBL1091,CHEMBL119443,0,low,none,0.0891089108910891
CHEMBL45029,CHEMBL75753,0,low,none,0.10144927536231885
CHEMBL549,CHEMBL741,0,low,none,0.0410958904109589
CHEMBL48582,CHEMBL1140,0,low,none,0.15
CHEMBL451,CHEMBL625,0,low,none,0.109375
CHEMBL13828,CHEMBL864,0,low,none,0.1111111111111111
CHEMBL871,CHEMBL53292,0,low,none,0.07407407407407407
CHEMBL450,CHEMBL453,0,low,none,0.057692307692307696
CHEMBL565,CHEMBL894,0,low,none,0.24
CHEMBL109,CHEMBL1291,0,low,none,0.12
CHEMBL103,CHEMBL1194,0,low,none,0.08695652173913043
CHEMBL635,CHEMBL61006,0,low,none,0.06060606060606061
CHEMBL91,CHEMBL922,0,low,none,0.08045977011494253
CHEMBL6466,CHEMBL19019,0,low,none,0.10606060606060606
CHEMBL409,CHEMBL559,0,low,none,0.10256410256410256
CHEMBL41,CHEMBL594,0,low,none,0.12857142857142856
CHEMBL608,CHEMBL1123,0,low,none,0.037037037037037035
CHEMBL75880,CHEMBL167150,0,low,none,0.023255813953488372
CHEMBL672,CHEMBL63857,0,low,none,0.08620689655172414
CHEMBL639,CHEMBL688,0,low,none,0.18072289156626506
CHEMBL65375,CHEMBL1278,0,low,none,0.09333333333333334
CHEMBL617,CHEMBL55400,0,low,none,0.04285714285714286
CHEMBL831,CHEMBL1023,0,low,none,0.08823529411764706
CHEMBL46286,CHEMBL168815,0,low,none,0.10227272727272728
CHEMBL989,CHEMBL329522,0,low,none,0.0641025641025641
CHEMBL1191,CHEMBL1359,0,low,none,0.06896551724137931
CHEMBL105,CHEMBL98123,0,low,none,0.0759493670886076
CHEMBL707,CHEMBL56564,0,low,none,0.1686746987951807
CHEMBL415,CHEMBL1194,0,low,none,0.109375
CHEMBL476,CHEMBL1034,0,low,none,0.0847457627118644
CHEMBL753,CHEMBL1271,0,low,none,0.06382978723404255
CHEMBL284906,CHEMBL1359,0,low,none,0.11363636363636363
CHEMBL925,CHEMBL1266,0,low,none,0.05555555555555555
CHEMBL443,CHEMBL46286,0,low,none,0.0967741935483871
CHEMBL290960,CHEMBL1245,0,low,none,0.11702127659574468
CHEMBL703,CHEMBL1354,0,low,none,0.16666666666666666
CHEMBL277522,CHEMBL345714,0,low,none,0.13636363636363635
CHEMBL319144,CHEMBL435298,0,low,none,0.11864406779661017
CHEMBL479,CHEMBL668,0,low,none,0.13636363636363635
CHEMBL267744,CHEMBL1102,0,low,none,0.11475409836065574
CHEMBL554,CHEMBL1113,0,low,none,0.1188118811881188
CHEMBL52440,CHEMBL1102,0,low,none,0.1076923076923077
CHEMBL99946,CHEMBL1274,0,low,none,0.08695652173913043
CHEMBL606,CHEMBL810,0,low,none,0.09210526315789473
CHEMBL524,CHEMBL637,0,low,none,0.23076923076923078
CHEMBL70,CHEMBL796,0,low,none,0.10810810810810811
CHEMBL679,CHEMBL180022,0,low,none,0.08333333333333333
CHEMBL98123,CHEMBL1141,0,low,none,0.027777777777777776
CHEMBL984,CHEMBL1345,0,low,none,0.04938271604938271
CHEMBL885,CHEMBL85231,0,low,none,0.04918032786885246
CHEMBL23588,CHEMBL28333,0,low,none,0.1111111111111111
CHEMBL17879,CHEMBL91397,0,low,none,0.12727272727272726
CHEMBL448,CHEMBL848,0,low,none,0.0847457627118644
CHEMBL429,CHEMBL434394,0,low,none,0.15492957746478872
CHEMBL137,CHEMBL1279,0,low,none,0.07462686567164178
CHEMBL14376,CHEMBL652,0,low,none,0.1827956989247312
CHEMBL420,CHEMBL1108,0,low,none,0.0945945945945946
CHEMBL445,CHEMBL278819,0,low,none,0.16393442622950818
CHEMBL296913,CHEMBL1123,0,low,none,0.08108108108108109
CHEMBL684,CHEMBL771,0,low,none,0.05
CHEMBL15870,CHEMBL1017,0,low,none,0.15294117647058825
CHEMBL529,CHEMBL632,0,low,none,0.13559322033898305
CHEMBL163,CHEMBL345714,0,low,none,0.12087912087912088
CHEMBL13,CHEMBL973,0,low,none,0.09375
CHEMBL282052,CHEMBL697,0,low,none,0.20833333333333334
CHEMBL592,CHEMBL1215,0,low,none,0.15517241379310345
CHEMBL463,CHEMBL24944,0,low,none,0.1702127659574468
CHEMBL716,CHEMBL853,0,low,none,0.1388888888888889
CHEMBL750,CHEMBL1197,0,low,none,0.12280701754385964
CHEMBL64,CHEMBL742,0,low,none,0.10416666666666667
CHEMBL485,CHEMBL762,0,low,none,0.06097560975609756
CHEMBL814,CHEMBL139367,0,low,none,0.0641025641025641
CHEMBL11,CHEMBL448,0,low,none,0.058823529411764705
CHEMBL609,CHEMBL175691,0,low,none,0.017543859649122806
CHEMBL814,CHEMBL944,0,low,none,0.13043478260869565
CHEMBL897,CHEMBL100116,0,low,none,0.08955223880597014
CHEMBL288470,CHEMBL93268,0,low,none,0.02857142857142857
CHEMBL6466,CHEMBL984,0,low,none,0.0410958904109589
CHEMBL268164,CHEMBL186314,0,low,none,0.027777777777777776
CHEMBL442,CHEMBL635,0,low,none,0.12605042016806722
CHEMBL553,CHEMBL121,0,low,none,0.13095238095238096
CHEMBL269732,CHEMBL41,0,low,none,0.0603448275862069
CHEMBL853,CHEMBL1051,0,low,none,0.09523809523809523
CHEMBL526,CHEMBL537,0,low,none,0.25
CHEMBL304902,CHEMBL361497,0,low,none,0.02247191011235955
CHEMBL262777,CHEMBL1346,0,low,none,0.0963855421686747
CHEMBL838,CHEMBL46058,0,low,none,0.05263157894736842
CHEMBL6,CHEMBL154,0,low,none,0.2982456140350877
CHEMBL681,CHEMBL690,0,low,none,0.13953488372093023
CHEMBL960,CHEMBL1002,0,low,none,0.13114754098360656
CHEMBL498,CHEMBL585,0,low,none,0.05263157894736842
CHEMBL428,CHEMBL14376,0,low,none,0.17525773195876287
CHEMBL435966,CHEMBL1265,0,low,none,0.0547945205479452
CHEMBL697,CHEMBL325041,0,low,none,0.11594202898550725
CHEMBL666,CHEMBL1082,0,low,none,0.07547169811320754
CHEMBL88055,CHEMBL1106,0,low,none,0.0847457627118644
CHEMBL970,CHEMBL1215,0,low,none,0.09230769230769231
CHEMBL42336,CHEMBL1002,0,low,none,0.08
CHEMBL626,CHEMBL184412,0,low,none,0.08235294117647059
CHEMBL435966,CHEMBL1002,0,low,none,0.046875
CHEMBL1068,CHEMBL1090,0,low,none,0.07692307692307693
CHEMBL628,CHEMBL1259,0,low,none,0.03296703296703297
CHEMBL10878,CHEMBL806,0,low,none,0.15384615384615385
CHEMBL620,CHEMBL344159,0,low,none,0.16049382716049382
CHEMBL967,CHEMBL191083,0,low,none,0.08571428571428572
CHEMBL446,CHEMBL1089,0,low,none,0.13953488372093023
CHEMBL137,CHEMBL1109,0,low,none,0.11864406779661017
CHEMBL944,CHEMBL94454,0,low,none,0.09195402298850575
CHEMBL46,CHEMBL985,0,low,none,0.019230769230769232
CHEMBL1146,CHEMBL1292,0,low,none,0.10784313725490197
CHEMBL409,CHEMBL55,0,low,none,0.07246376811594203
CHEMBL273575,CHEMBL590,0,low,none,0.125
CHEMBL423,CHEMBL64195,0,low,none,0.11290322580645161
CHEMBL866,CHEMBL76370,0,low,none,0.10344827586206896
CHEMBL534,CHEMBL1071,0,low,none,0.109375
CHEMBL608,CHEMBL1252,0,low,none,0.046511627906976744
CHEMBL31,CHEMBL51,0,low,none,0.1797752808988764
CHEMBL84,CHEMBL294199,0,low,none,0.1134020618556701
CHEMBL592,CHEMBL607,0,low,none,0.1935483870967742
CHEMBL17157,CHEMBL942,0,low,none,0.14925373134328357
CHEMBL485,CHEMBL328190,0,low,none,0.13636363636363635
CHEMBL532,CHEMBL1094,0,low,none,0.06382978723404255
CHEMBL110,CHEMBL1220,0,low,none,0.1935483870967742
CHEMBL762,CHEMBL285674,0,low,none,0.08333333333333333
CHEMBL978,CHEMBL1345,0,low,none,0.06382978723404255
CHEMBL814,CHEMBL295698,0,low,none,0.08
CHEMBL813,CHEMBL314437,0,low,none,0.10588235294117647
CHEMBL18442,CHEMBL867,0,low,none,0.05357142857142857
CHEMBL666,CHEMBL325041,0,low,none,0.09090909090909091
CHEMBL1112,CHEMBL1337,0,low,none,0.10714285714285714
CHEMBL623,CHEMBL709,0,low,none,0.10576923076923077
CHEMBL91,CHEMBL24072,0,low,none,0.09375
CHEMBL415,CHEMBL1108,0,low,none,0.1375
CHEMBL841,CHEMBL1005,0,low,none,0.2916666666666667
CHEMBL569,CHEMBL720,0,low,none,0.125
CHEMBL779,CHEMBL339427,0,low,none,0.16981132075471697
CHEMBL269732,CHEMBL459,0,low,none,0.06422018348623854
CHEMBL1107,CHEMBL325041,0,low,none,0.08791208791208792
CHEMBL957,CHEMBL308954,0,low,none,0.11956521739130435
CHEMBL88,CHEMBL74632,0,low,none,0.0425531914893617
CHEMBL14,CHEMBL289469,0,low,none,0.06666666666666667
CHEMBL537,CHEMBL285674,0,low,none,0.06666666666666667
CHEMBL945,CHEMBL1073,0,low,none,0.10810810810810811
CHEMBL1021,CHEMBL1140,0,low,none,0.2619047619047619
CHEMBL88,CHEMBL361497,0,low,none,0.0547945205479452
CHEMBL75753,CHEMBL1072,0,low,none,0.13580246913580246
CHEMBL615,CHEMBL139,0,low,none,0.16666666666666666
CHEMBL463,CHEMBL1072,0,low,none,0.18333333333333332
CHEMBL573,CHEMBL1093,0,low,none,0.09090909090909091
CHEMBL269732,CHEMBL27193,0,low,none,0.056
CHEMBL603,CHEMBL1355,0,low,none,0.047619047619047616
CHEMBL119,CHEMBL70972,0,low,none,0.0958904109589041
CHEMBL477,CHEMBL812,0,low,none,0.045454545454545456
CHEMBL3,CHEMBL18,0,low,none,0.08196721311475409
CHEMBL561,CHEMBL85231,0,low,none,0.07246376811594203
CHEMBL139877,CHEMBL1345,0,low,none,0.15217391304347827
CHEMBL1010,CHEMBL346977,0,low,none,0.0891089108910891
CHEMBL447,CHEMBL42403,0,low,none,0.0
CHEMBL533,CHEMBL88055,0,low,none,0.125
CHEMBL779,CHEMBL94081,0,low,none,0.05952380952380952
CHEMBL847,CHEMBL1336,0,low,none,0.07865168539325842
CHEMBL113,CHEMBL1377,0,low,none,0.058823529411764705
CHEMBL33986,CHEMBL184412,0,low,none,0.07291666666666667
CHEMBL73234,CHEMBL1138,0,low,none,0.09090909090909091
CHEMBL73451,CHEMBL1208,0,low,none,0.08955223880597014
CHEMBL267894,CHEMBL127,0,low,none,0.10144927536231885
CHEMBL278020,CHEMBL679,0,low,none,0.12
CHEMBL761,CHEMBL855,0,low,none,0.16666666666666666
CHEMBL779,CHEMBL1072,0,low,none,0.09782608695652174
CHEMBL113,CHEMBL27193,0,low,none,0.06060606060606061
CHEMBL289469,CHEMBL1072,0,low,none,0.14102564102564102
CHEMBL107,CHEMBL934,0,low,none,0.1
CHEMBL154,CHEMBL1345,0,low,none,0.03571428571428571
CHEMBL640,CHEMBL278819,0,low,none,0.10606060606060606
CHEMBL859,CHEMBL1128,0,low,none,0.09090909090909091
CHEMBL521,CHEMBL776,0,low,none,0.19047619047619047
CHEMBL425,CHEMBL833,0,low,none,0.05454545454545454
CHEMBL425,CHEMBL73234,0,low,none,0.12280701754385964
CHEMBL125,CHEMBL918,0,low,none,0.061224489795918366
CHEMBL843,CHEMBL174,0,low,none,0.16279069767441862
CHEMBL70972,CHEMBL95889,0,low,none,0.16279069767441862
CHEMBL841,CHEMBL853,0,low,none,0.10526315789473684
CHEMBL296306,CHEMBL927,0,low,none,0.033707865168539325
CHEMBL39736,CHEMBL86715,0,low,none,0.03636363636363636
CHEMBL13376,CHEMBL777,0,low,none,0.11764705882352941
CHEMBL905,CHEMBL304902,0,low,none,0.1038961038961039
CHEMBL19019,CHEMBL190677,0,low,none,0.08823529411764706
CHEMBL831,CHEMBL83063,0,low,none,0.06060606060606061
CHEMBL806,CHEMBL1094,0,low,none,0.12727272727272726
CHEMBL818,CHEMBL1091,0,low,none,0.05063291139240506
CHEMBL6437,CHEMBL142635,0,low,none,0.16417910447761194
CHEMBL863,CHEMBL1297,0,low,none,0.15384615384615385
CHEMBL91,CHEMBL1185,0,low,none,0.07228915662650602
CHEMBL632,CHEMBL697,0,low,none,0.125
CHEMBL902,CHEMBL1117,0,low,none,0.07368421052631578
CHEMBL544,CHEMBL953,0,low,none,0.09259259259259259
CHEMBL533,CHEMBL15677,0,low,none,0.08695652173913043
CHEMBL75880,CHEMBL187709,0,low,none,0.015151515151515152
CHEMBL957,CHEMBL1205,0,low,none,0.13793103448275862
CHEMBL1004,CHEMBL1102,0,low,none,0.14285714285714285
CHEMBL644,CHEMBL658,0,low,none,0.136986301369863
CHEMBL831,CHEMBL1274,0,low,none,0.08108108108108109
CHEMBL712,CHEMBL186314,0,low,none,0.03125
CHEMBL691,CHEMBL364713,0,low,none,0.15294117647058825
CHEMBL273575,CHEMBL1101,0,low,none,0.15873015873015872
CHEMBL659,CHEMBL1371,0,low,none,0.057971014492753624
CHEMBL628,CHEMBL75753,0,low,none,0.10526315789473684
CHEMBL469,CHEMBL1243,0,low,none,0.21568627450980393
CHEMBL17860,CHEMBL666,0,low,none,0.0
CHEMBL515,CHEMBL110,0,low,none,0.14516129032258066
CHEMBL808,CHEMBL1184,0,low,none,0.05084745762711865
CHEMBL559,CHEMBL866,0,low,none,0.17142857142857143
CHEMBL621,CHEMBL21333,0,low,none,0.13402061855670103
CHEMBL622,CHEMBL765,0,low,none,0.045454545454545456
CHEMBL298734,CHEMBL1296,0,low,none,0.1
CHEMBL607,CHEMBL1079,0,low,none,0.05970149253731343
CHEMBL862,CHEMBL867,0,low,none,0.14814814814814814
CHEMBL57,CHEMBL87493,0,low,none,0.07462686567164178
CHEMBL440,CHEMBL360328,0,low,none,0.05263157894736842
CHEMBL163,CHEMBL1091,0,low,none,0.08264462809917356
CHEMBL46058,CHEMBL1185,0,low,none,0.0392156862745098
CHEMBL282052,CHEMBL157138,0,low,none,0.08974358974358974
CHEMBL513,CHEMBL944,0,low,none,0.125
CHEMBL91397,CHEMBL190677,0,low,none,0.056338028169014086
CHEMBL666,CHEMBL187709,0,low,none,0.019230769230769232
CHEMBL12856,CHEMBL689,0,low,none,0.0
CHEMBL1013,CHEMBL90593,0,low,none,0.12162162162162163
CHEMBL13376,CHEMBL53418,0,low,none,0.08620689655172414
CHEMBL754,CHEMBL768,0,low,none,0.0625
CHEMBL695,CHEMBL363295,0,low,none,0.07317073170731707
CHEMBL481,CHEMBL1314,0,low,none,0.06451612903225806
CHEMBL427,CHEMBL969,0,low,none,0.05660377358490566
CHEMBL498,CHEMBL982,0,low,none,0.0625
CHEMBL675,CHEMBL896,0,low,none,0.031746031746031744
CHEMBL647,CHEMBL773,0,low,none,0.029411764705882353
CHEMBL811,CHEMBL1108,0,low,none,0.08641975308641975
CHEMBL972,CHEMBL75435,0,low,none,0.19148936170212766
CHEMBL413,CHEMBL1071,0,low,none,0.047619047619047616
CHEMBL46286,CHEMBL188921,0,low,none,0.17777777777777778
CHEMBL502,CHEMBL1316,0,low,none,0.12162162162162163
CHEMBL712,CHEMBL728,0,low,none,0.09836065573770492
CHEMBL435966,CHEMBL95889,0,low,none,0.043478260869565216
CHEMBL425,CHEMBL106,0,low,none,0.09433962264150944
CHEMBL1021,CHEMBL1138,0,low,none,0.08823529411764706
CHEMBL16476,CHEMBL1201,0,low,none,0.1267605633802817
CHEMBL1046,CHEMBL121626,0,low,none,0.09090909090909091
CHEMBL559,CHEMBL981,0,low,none,0.15789473684210525
CHEMBL13828,CHEMBL545,0,low,none,0.02127659574468085
CHEMBL57,CHEMBL849,0,low,none,0.04918032786885246
CHEMBL782,CHEMBL141305,0,low,none,0.12727272727272726
